{
  "project_info": {
    "project_number": "128687269578",
    "firebase_url": "https://saleepepe-2b6f1.firebaseio.com",
    "project_id": "saleepepe-2b6f1",
    "storage_bucket": "saleepepe-2b6f1.appspot.com"
  },
  "client": [
    {
      "client_info": {
        "mobilesdk_app_id": "1:128687269578:android:b19c6c3f121484257a7633",
        "android_client_info": {
          "package_name": "com.example.saleepepe"
        }
      },
      "oauth_client": [
        {
          "client_id": "128687269578-9hv8o6toebsbbfjdcf91fpit4lpboa1p.apps.googleusercontent.com",
          "client_type": 1,
          "android_info": {
            "package_name": "com.example.saleepepe",
            "certificate_hash": "debbff74908b42d996811f2b2d953e1a2375e5c6"
          }
        },
        {
          "client_id": "128687269578-1h1a40usln9f6a9kjm69p0bhkgk96ppl.apps.googleusercontent.com",
          "client_type": 3
        }
      ],
      "api_key": [
        {
          "current_key": "AIzaSyADN6H239rxOT_qBgGIdO1EEDfmQ1QvPPk"
        }
      ],
      "services": {
        "appinvite_service": {
          "other_platform_oauth_client": [
            {
              "client_id": "128687269578-1h1a40usln9f6a9kjm69p0bhkgk96ppl.apps.googleusercontent.com",
              "client_type": 3
            }
          ]
        }
      }
    }
  ],
  "configuration_version": "1"
}